sessionID,unit
bp193n02-tp,spikeUnit17
bp193n02-tp,spikeUnit18
bp229n02-mm,spikeUnit12
bp229n02-mm,spikeUnit14
bp230n02-mm,spikeUnit12
bp228n02,spikeUnit09
bp228n02,spikeUnit13
bp229n02-mm,spikeUnit02
bp229n02-mm,spikeUnit18
bp230n02-mm,spikeUnit11
bp227n02,spikeUnit07
bp228n02,spikeUnit15
bp228n02,spikeUnit30
bp229n02-mm,spikeUnit05
bp229n02-mm,spikeUnit06
bp230n02-mm,spikeUnit25
bp222n02,spikeUnit06
bp224n02,spikeUnit03
bp247n02,spikeUnit16
bp247n02,spikeUnit29
bp247n02,spikeUnit30
bp247n02,spikeUnit31
bp242n02,spikeUnit01
bp242n02,spikeUnit02
bp242n02,spikeUnit03
bp242n02,spikeUnit04
bp242n02,spikeUnit05
bp242n02,spikeUnit06
bp242n02,spikeUnit07
bp242n02,spikeUnit08
bp242n02,spikeUnit09
bp242n02,spikeUnit10
bp242n02,spikeUnit11
bp242n02,spikeUnit12
bp242n02,spikeUnit13
bp242n02,spikeUnit14
bp242n02,spikeUnit15
bp242n02,spikeUnit16
bp242n02,spikeUnit17
bp242n02,spikeUnit18
bp242n02,spikeUnit19
bp242n02,spikeUnit20
bp242n02,spikeUnit21
bp242n02,spikeUnit22
bp242n02,spikeUnit23
bp242n02,spikeUnit24
bp242n02,spikeUnit25
bp242n02,spikeUnit26
bp242n02,spikeUnit27
bp242n02,spikeUnit28
bp242n02,spikeUnit30
bp241n02,spikeUnit01
bp241n02,spikeUnit02
bp241n02,spikeUnit03
bp241n02,spikeUnit04
bp241n02,spikeUnit05
bp241n02,spikeUnit06
bp241n02,spikeUnit07
bp241n02,spikeUnit08
bp241n02,spikeUnit09
bp241n02,spikeUnit10
bp241n02,spikeUnit11
bp241n02,spikeUnit12
bp241n02,spikeUnit13
bp241n02,spikeUnit14
bp241n02,spikeUnit15
bp241n02,spikeUnit16
bp241n02,spikeUnit17
bp241n02,spikeUnit18
bp241n02,spikeUnit19
bp241n02,spikeUnit20
bp241n02,spikeUnit21
bp241n02,spikeUnit22
bp241n02,spikeUnit23
bp241n02,spikeUnit24
bp241n02,spikeUnit25
bp241n02,spikeUnit26
bp241n02,spikeUnit27
bp241n02,spikeUnit28
bp241n02,spikeUnit29
bp241n02,spikeUnit30
bp241n02,spikeUnit31
bp241n02,spikeUnit32
bp221n02,spikeUnit01
bp221n02,spikeUnit02
bp221n02,spikeUnit03
bp221n02,spikeUnit04
bp221n02,spikeUnit05
bp221n02,spikeUnit06
bp221n02,spikeUnit07
bp221n02,spikeUnit08
bp235n02,spikeUnit01
bp235n02,spikeUnit02
bp235n02,spikeUnit06
bp235n02,spikeUnit07
bp235n02,spikeUnit08
bp235n02,spikeUnit09
bp235n02,spikeUnit10
bp235n02,spikeUnit11
bp235n02,spikeUnit12
bp235n02,spikeUnit13
bp235n02,spikeUnit14
bp235n02,spikeUnit15
bp235n02,spikeUnit16
bp235n02,spikeUnit17
bp235n02,spikeUnit18
bp235n02,spikeUnit19
bp235n02,spikeUnit20
bp235n02,spikeUnit21
bp235n02,spikeUnit22
bp235n02,spikeUnit23
bp235n02,spikeUnit24
bp235n02,spikeUnit25
bp235n02,spikeUnit26
bp235n02,spikeUnit27
bp235n02,spikeUnit28
bp235n02,spikeUnit29
bp235n02,spikeUnit30
bp235n02,spikeUnit31
bp235n02,spikeUnit32
bp233n02,spikeUnit01
bp233n02,spikeUnit02
bp233n02,spikeUnit03
bp233n02,spikeUnit04
bp233n02,spikeUnit05
bp233n02,spikeUnit06
bp233n02,spikeUnit07
bp233n02,spikeUnit08
bp233n02,spikeUnit09
bp233n02,spikeUnit10
bp233n02,spikeUnit11
bp233n02,spikeUnit12
bp233n02,spikeUnit13
bp233n02,spikeUnit14
bp233n02,spikeUnit15
bp233n02,spikeUnit16
bp233n02,spikeUnit17
bp233n02,spikeUnit18
bp233n02,spikeUnit19
bp233n02,spikeUnit21
bp233n02,spikeUnit22
bp233n02,spikeUnit23
bp233n02,spikeUnit24
bp233n02,spikeUnit25
bp233n02,spikeUnit26
bp233n02,spikeUnit27
bp233n02,spikeUnit28
bp233n02,spikeUnit29
bp233n02,spikeUnit30
bp233n02,spikeUnit31
bp233n02,spikeUnit32
bp228n02,spikeUnit01
bp228n02,spikeUnit02
bp228n02,spikeUnit03
bp228n02,spikeUnit04
bp228n02,spikeUnit05
bp228n02,spikeUnit06
bp228n02,spikeUnit07
bp228n02,spikeUnit08
bp228n02,spikeUnit10
bp228n02,spikeUnit11
bp228n02,spikeUnit12
bp228n02,spikeUnit14
bp228n02,spikeUnit16
bp228n02,spikeUnit17
bp228n02,spikeUnit18
bp228n02,spikeUnit19
bp228n02,spikeUnit20
bp228n02,spikeUnit21
bp228n02,spikeUnit22
bp228n02,spikeUnit23
bp228n02,spikeUnit24
bp228n02,spikeUnit25
bp228n02,spikeUnit26
bp228n02,spikeUnit27
bp228n02,spikeUnit28
bp228n02,spikeUnit29
bp228n02,spikeUnit31
bp228n02,spikeUnit32
bp234n02,spikeUnit01
bp234n02,spikeUnit02
bp234n02,spikeUnit04
bp234n02,spikeUnit05
bp234n02,spikeUnit06
bp234n02,spikeUnit07
bp234n02,spikeUnit08
bp234n02,spikeUnit09
bp234n02,spikeUnit12
bp234n02,spikeUnit13
bp234n02,spikeUnit14
bp234n02,spikeUnit15
bp234n02,spikeUnit16
bp234n02,spikeUnit17
bp234n02,spikeUnit18
bp234n02,spikeUnit19
bp234n02,spikeUnit21
bp234n02,spikeUnit23
bp234n02,spikeUnit24
bp234n02,spikeUnit25
bp234n02,spikeUnit26
bp234n02,spikeUnit28
bp234n02,spikeUnit29
bp234n02,spikeUnit30
bp234n02,spikeUnit31
bp234n02,spikeUnit32
bp224n02,spikeUnit01
bp224n02,spikeUnit02
bp224n02,spikeUnit04
bp224n02,spikeUnit05
bp224n02,spikeUnit06
bp224n02,spikeUnit07
bp224n02,spikeUnit08
bp222n02,spikeUnit01
bp222n02,spikeUnit02
bp222n02,spikeUnit03
bp222n02,spikeUnit07
bp222n02,spikeUnit08
bp197n02-tp,spikeUnit17
bp245n02,spikeUnit01
bp245n02,spikeUnit02
bp245n02,spikeUnit03
bp245n02,spikeUnit04
bp245n02,spikeUnit05
bp245n02,spikeUnit06
bp245n02,spikeUnit07
bp245n02,spikeUnit08
bp245n02,spikeUnit09
bp245n02,spikeUnit10
bp245n02,spikeUnit11
bp245n02,spikeUnit12
bp245n02,spikeUnit13
bp245n02,spikeUnit14
bp245n02,spikeUnit16
bp245n02,spikeUnit17
bp245n02,spikeUnit18
bp245n02,spikeUnit19
bp245n02,spikeUnit20
bp245n02,spikeUnit21
bp245n02,spikeUnit22
bp245n02,spikeUnit23
bp245n02,spikeUnit24
bp245n02,spikeUnit25
bp245n02,spikeUnit26
bp245n02,spikeUnit27
bp245n02,spikeUnit28
bp245n02,spikeUnit29
bp245n02,spikeUnit30
bp245n02,spikeUnit31
bp245n02,spikeUnit32
bp240n02,spikeUnit01
bp240n02,spikeUnit02
bp240n02,spikeUnit03
bp240n02,spikeUnit04
bp240n02,spikeUnit05
bp240n02,spikeUnit06
bp240n02,spikeUnit07
bp240n02,spikeUnit08
bp240n02,spikeUnit09
bp240n02,spikeUnit10
bp240n02,spikeUnit11
bp240n02,spikeUnit12
bp240n02,spikeUnit13
bp240n02,spikeUnit15
bp240n02,spikeUnit16
bp240n02,spikeUnit17
bp240n02,spikeUnit18
bp240n02,spikeUnit19
bp240n02,spikeUnit20
bp240n02,spikeUnit21
bp240n02,spikeUnit22
bp240n02,spikeUnit23
bp240n02,spikeUnit24
bp240n02,spikeUnit25
bp240n02,spikeUnit26
bp240n02,spikeUnit29
bp240n02,spikeUnit30
bp240n02,spikeUnit31
bp240n02,spikeUnit32
bp202n02,spikeUnit01
bp202n02,spikeUnit02
bp202n02,spikeUnit03
bp202n02,spikeUnit04
bp202n02,spikeUnit05
bp202n02,spikeUnit06
bp202n02,spikeUnit07
bp202n02,spikeUnit08
bp238n02,spikeUnit01
bp238n02,spikeUnit02
bp238n02,spikeUnit03
bp238n02,spikeUnit04
bp238n02,spikeUnit05
bp238n02,spikeUnit06
bp238n02,spikeUnit07
bp238n02,spikeUnit08
bp238n02,spikeUnit09
bp238n02,spikeUnit10
bp238n02,spikeUnit11
bp238n02,spikeUnit12
bp238n02,spikeUnit13
bp238n02,spikeUnit14
bp238n02,spikeUnit15
bp238n02,spikeUnit16
bp238n02,spikeUnit17
bp238n02,spikeUnit18
bp238n02,spikeUnit19
bp238n02,spikeUnit21
bp238n02,spikeUnit22
bp238n02,spikeUnit23
bp238n02,spikeUnit24
bp238n02,spikeUnit25
bp238n02,spikeUnit26
bp238n02,spikeUnit27
bp238n02,spikeUnit28
bp238n02,spikeUnit29
bp238n02,spikeUnit30
bp238n02,spikeUnit31
bp238n02,spikeUnit32
bp239n02,spikeUnit01
bp239n02,spikeUnit02
bp239n02,spikeUnit03
bp239n02,spikeUnit04
bp239n02,spikeUnit05
bp239n02,spikeUnit06
bp239n02,spikeUnit07
bp239n02,spikeUnit08
bp239n02,spikeUnit09
bp239n02,spikeUnit10
bp239n02,spikeUnit11
bp239n02,spikeUnit12
bp239n02,spikeUnit13
bp239n02,spikeUnit14
bp239n02,spikeUnit15
bp239n02,spikeUnit16
bp239n02,spikeUnit17
bp239n02,spikeUnit18
bp239n02,spikeUnit19
bp239n02,spikeUnit20
bp239n02,spikeUnit21
bp239n02,spikeUnit22
bp239n02,spikeUnit23
bp239n02,spikeUnit24
bp239n02,spikeUnit25
bp239n02,spikeUnit26
bp239n02,spikeUnit27
bp239n02,spikeUnit28
bp239n02,spikeUnit29
bp239n02,spikeUnit30
bp239n02,spikeUnit31
bp239n02,spikeUnit32
bp243n02,spikeUnit01
bp243n02,spikeUnit02
bp243n02,spikeUnit03
bp243n02,spikeUnit04
bp243n02,spikeUnit05
bp243n02,spikeUnit06
bp243n02,spikeUnit07
bp243n02,spikeUnit08
bp243n02,spikeUnit09
bp243n02,spikeUnit10
bp243n02,spikeUnit11
bp243n02,spikeUnit12
bp243n02,spikeUnit17
bp243n02,spikeUnit18
bp243n02,spikeUnit19
bp243n02,spikeUnit20
bp243n02,spikeUnit21
bp243n02,spikeUnit22
bp243n02,spikeUnit23
bp243n02,spikeUnit24
bp243n02,spikeUnit26
bp243n02,spikeUnit27
bp243n02,spikeUnit28
bp243n02,spikeUnit29
bp243n02,spikeUnit30
bp243n02,spikeUnit31
bp243n02,spikeUnit32
bp244n02,spikeUnit01
bp244n02,spikeUnit02
bp244n02,spikeUnit03
bp244n02,spikeUnit04
bp244n02,spikeUnit05
bp244n02,spikeUnit06
bp244n02,spikeUnit07
bp244n02,spikeUnit08
bp244n02,spikeUnit09
bp244n02,spikeUnit10
bp244n02,spikeUnit11
bp244n02,spikeUnit12
bp244n02,spikeUnit13
bp244n02,spikeUnit14
bp244n02,spikeUnit15
bp244n02,spikeUnit16
bp244n02,spikeUnit17
bp244n02,spikeUnit18
bp244n02,spikeUnit19
bp244n02,spikeUnit20
bp244n02,spikeUnit21
bp244n02,spikeUnit22
bp244n02,spikeUnit23
bp244n02,spikeUnit24
bp244n02,spikeUnit28
bp244n02,spikeUnit29
bp244n02,spikeUnit30
bp244n02,spikeUnit31
bp244n02,spikeUnit32
bp218n02,spikeUnit01
bp218n02,spikeUnit02
bp218n02,spikeUnit03
bp218n02,spikeUnit04
bp218n02,spikeUnit05
bp218n02,spikeUnit06
bp218n02,spikeUnit07
bp218n02,spikeUnit08
bp203n02,spikeUnit01
bp203n02,spikeUnit02
bp203n02,spikeUnit03
bp203n02,spikeUnit04
bp203n02,spikeUnit05
bp203n02,spikeUnit06
bp203n02,spikeUnit07
bp203n02,spikeUnit08
bp231n02-mm,spikeUnit01
bp231n02-mm,spikeUnit02
bp231n02-mm,spikeUnit03
bp231n02-mm,spikeUnit04
bp231n02-mm,spikeUnit05
bp231n02-mm,spikeUnit06
bp231n02-mm,spikeUnit07
bp231n02-mm,spikeUnit08
bp231n02-mm,spikeUnit09
bp231n02-mm,spikeUnit10
bp231n02-mm,spikeUnit11
bp231n02-mm,spikeUnit12
bp231n02-mm,spikeUnit13
bp231n02-mm,spikeUnit14
bp231n02-mm,spikeUnit15
bp231n02-mm,spikeUnit16
bp231n02-mm,spikeUnit17
bp231n02-mm,spikeUnit18
bp231n02-mm,spikeUnit19
bp231n02-mm,spikeUnit20
bp231n02-mm,spikeUnit21
bp231n02-mm,spikeUnit22
bp231n02-mm,spikeUnit23
bp231n02-mm,spikeUnit24
bp231n02-mm,spikeUnit25
bp231n02-mm,spikeUnit26
bp231n02-mm,spikeUnit27
bp231n02-mm,spikeUnit28
bp231n02-mm,spikeUnit29
bp231n02-mm,spikeUnit30
bp231n02-mm,spikeUnit31
bp231n02-mm,spikeUnit32
bp220n02,spikeUnit01
bp220n02,spikeUnit02
bp220n02,spikeUnit03
bp220n02,spikeUnit04
bp220n02,spikeUnit05
bp220n02,spikeUnit06
bp220n02,spikeUnit07
bp220n02,spikeUnit08
bp237n02,spikeUnit01
bp237n02,spikeUnit02
bp237n02,spikeUnit03
bp237n02,spikeUnit04
bp237n02,spikeUnit05
bp237n02,spikeUnit06
bp237n02,spikeUnit07
bp237n02,spikeUnit08
bp237n02,spikeUnit09
bp237n02,spikeUnit10
bp237n02,spikeUnit11
bp237n02,spikeUnit12
bp237n02,spikeUnit13
bp237n02,spikeUnit14
bp237n02,spikeUnit15
bp237n02,spikeUnit16
bp237n02,spikeUnit17
bp237n02,spikeUnit18
bp237n02,spikeUnit19
bp237n02,spikeUnit20
bp237n02,spikeUnit21
bp237n02,spikeUnit22
bp237n02,spikeUnit23
bp237n02,spikeUnit24
bp237n02,spikeUnit25
bp237n02,spikeUnit26
bp237n02,spikeUnit27
bp237n02,spikeUnit28
bp237n02,spikeUnit29
bp237n02,spikeUnit30
bp237n02,spikeUnit31
bp237n02,spikeUnit32
bp199n02,spikeUnit01
bp199n02,spikeUnit02
bp199n02,spikeUnit03
bp199n02,spikeUnit04
bp199n02,spikeUnit05
bp199n02,spikeUnit06
bp199n02,spikeUnit07
bp199n02,spikeUnit08
bp199n02,spikeUnit09
bp199n02,spikeUnit10
bp199n02,spikeUnit11
bp199n02,spikeUnit12
bp199n02,spikeUnit13
bp199n02,spikeUnit14
bp199n02,spikeUnit15
bp199n02,spikeUnit16
bp199n02,spikeUnit17
bp199n02,spikeUnit18
bp199n02,spikeUnit19
bp199n02,spikeUnit20
bp199n02,spikeUnit21
bp199n02,spikeUnit22
bp199n02,spikeUnit23
bp199n02,spikeUnit24
bp200n02,spikeUnit01
bp200n02,spikeUnit02
bp200n02,spikeUnit03
bp200n02,spikeUnit04
bp200n02,spikeUnit05
bp200n02,spikeUnit06
bp200n02,spikeUnit07
bp200n02,spikeUnit10
bp200n02,spikeUnit11
bp200n02,spikeUnit12
bp200n02,spikeUnit13
bp200n02,spikeUnit14
bp200n02,spikeUnit15
bp200n02,spikeUnit16
bp200n02,spikeUnit17
bp200n02,spikeUnit18
bp200n02,spikeUnit19
bp200n02,spikeUnit20
bp200n02,spikeUnit21
bp200n02,spikeUnit22
bp200n02,spikeUnit23
bp200n02,spikeUnit24
bp201n02,spikeUnit01
bp201n02,spikeUnit02
bp201n02,spikeUnit03
bp201n02,spikeUnit04
bp201n02,spikeUnit05
bp201n02,spikeUnit06
bp201n02,spikeUnit07
bp201n02,spikeUnit08
bp201n02,spikeUnit09
bp201n02,spikeUnit10
bp201n02,spikeUnit11
bp201n02,spikeUnit12
bp201n02,spikeUnit13
bp201n02,spikeUnit14
bp201n02,spikeUnit15
bp201n02,spikeUnit16
bp201n02,spikeUnit17
bp201n02,spikeUnit18
bp201n02,spikeUnit19
bp201n02,spikeUnit20
bp201n02,spikeUnit21
bp201n02,spikeUnit22
bp201n02,spikeUnit23
bp201n02,spikeUnit24
bp204n02,spikeUnit01
bp204n02,spikeUnit02
bp204n02,spikeUnit03
bp204n02,spikeUnit04
bp204n02,spikeUnit05
bp204n02,spikeUnit06
bp204n02,spikeUnit07
bp204n02,spikeUnit08
bp204n02,spikeUnit09
bp204n02,spikeUnit10
bp204n02,spikeUnit11
bp204n02,spikeUnit12
bp204n02,spikeUnit13
bp204n02,spikeUnit14
bp204n02,spikeUnit15
bp204n02,spikeUnit16
bp216n02,spikeUnit01
bp216n02,spikeUnit02
bp216n02,spikeUnit03
bp216n02,spikeUnit04
bp216n02,spikeUnit05
bp216n02,spikeUnit06
bp216n02,spikeUnit07
bp216n02,spikeUnit08
bp226n02,spikeUnit01
bp226n02,spikeUnit02
bp226n02,spikeUnit03
bp226n02,spikeUnit04
bp226n02,spikeUnit05
bp226n02,spikeUnit06
bp226n02,spikeUnit07
bp226n02,spikeUnit08
bp227n02,spikeUnit01
bp227n02,spikeUnit02
bp227n02,spikeUnit03
bp227n02,spikeUnit04
bp227n02,spikeUnit05
bp227n02,spikeUnit06
bp227n02,spikeUnit08
bp232n02-mm,spikeUnit01
bp232n02-mm,spikeUnit02
bp232n02-mm,spikeUnit05
bp232n02-mm,spikeUnit06
bp232n02-mm,spikeUnit07
bp232n02-mm,spikeUnit08
bp232n02-mm,spikeUnit10
bp232n02-mm,spikeUnit11
bp232n02-mm,spikeUnit12
bp232n02-mm,spikeUnit13
bp232n02-mm,spikeUnit14
bp232n02-mm,spikeUnit15
bp232n02-mm,spikeUnit16
bp232n02-mm,spikeUnit17
bp232n02-mm,spikeUnit18
bp232n02-mm,spikeUnit19
bp232n02-mm,spikeUnit20
bp232n02-mm,spikeUnit21
bp232n02-mm,spikeUnit22
bp232n02-mm,spikeUnit23
bp232n02-mm,spikeUnit24
bp232n02-mm,spikeUnit25
bp232n02-mm,spikeUnit26
bp232n02-mm,spikeUnit27
bp232n02-mm,spikeUnit28
bp232n02-mm,spikeUnit29
bp232n02-mm,spikeUnit30
bp232n02-mm,spikeUnit31
bp232n02-mm,spikeUnit32
bp229n02-mm,spikeUnit01
bp229n02-mm,spikeUnit07
bp229n02-mm,spikeUnit08
bp229n02-mm,spikeUnit09
bp229n02-mm,spikeUnit10
bp229n02-mm,spikeUnit11
bp229n02-mm,spikeUnit13
bp229n02-mm,spikeUnit15
bp229n02-mm,spikeUnit16
bp229n02-mm,spikeUnit17
bp229n02-mm,spikeUnit19
bp229n02-mm,spikeUnit20
bp229n02-mm,spikeUnit21
bp229n02-mm,spikeUnit22
bp229n02-mm,spikeUnit23
bp229n02-mm,spikeUnit24
bp229n02-mm,spikeUnit25
bp229n02-mm,spikeUnit26
bp229n02-mm,spikeUnit27
bp229n02-mm,spikeUnit28
bp229n02-mm,spikeUnit29
bp229n02-mm,spikeUnit30
bp229n02-mm,spikeUnit31
bp229n02-mm,spikeUnit32
bp230n02-mm,spikeUnit01
bp230n02-mm,spikeUnit02
bp230n02-mm,spikeUnit03
bp230n02-mm,spikeUnit04
bp230n02-mm,spikeUnit05
bp230n02-mm,spikeUnit06
bp230n02-mm,spikeUnit07
bp230n02-mm,spikeUnit08
bp230n02-mm,spikeUnit09
bp230n02-mm,spikeUnit10
bp230n02-mm,spikeUnit13
bp230n02-mm,spikeUnit14
bp230n02-mm,spikeUnit15
bp230n02-mm,spikeUnit16
bp230n02-mm,spikeUnit17
bp230n02-mm,spikeUnit18
bp230n02-mm,spikeUnit19
bp230n02-mm,spikeUnit20
bp230n02-mm,spikeUnit21
bp230n02-mm,spikeUnit22
bp230n02-mm,spikeUnit23
bp230n02-mm,spikeUnit24
bp230n02-mm,spikeUnit26
bp230n02-mm,spikeUnit27
bp230n02-mm,spikeUnit28
bp230n02-mm,spikeUnit29
bp230n02-mm,spikeUnit30
bp230n02-mm,spikeUnit31
bp230n02-mm,spikeUnit32
bp242n02,spikeUnit31
bp196n02-tp,spikeUnit17
bp246n02,spikeUnit29
bp232n02-mm,spikeUnit09
bp234n02,spikeUnit10
bp232n02-mm,spikeUnit03
bp200n02,spikeUnit08
bp195n04-tp,spikeUnit17
bp194n02,spikeUnit17
bp247n02,spikeUnit01
bp247n02,spikeUnit02
bp247n02,spikeUnit03
bp247n02,spikeUnit04
bp247n02,spikeUnit05
bp247n02,spikeUnit06
bp247n02,spikeUnit07
bp247n02,spikeUnit08
bp247n02,spikeUnit09
bp247n02,spikeUnit10
bp247n02,spikeUnit11
bp247n02,spikeUnit12
bp247n02,spikeUnit13
bp247n02,spikeUnit14
bp247n02,spikeUnit15
bp247n02,spikeUnit17
bp247n02,spikeUnit18
bp247n02,spikeUnit19
bp247n02,spikeUnit20
bp247n02,spikeUnit21
bp247n02,spikeUnit22
bp247n02,spikeUnit23
bp247n02,spikeUnit24
bp247n02,spikeUnit25
bp247n02,spikeUnit26
bp247n02,spikeUnit27
bp247n02,spikeUnit28
bp247n02,spikeUnit32